topic,target_audience,category,priority
AI productivity tools,Startup founders,Technology,High
Healthy eating tips,Busy professionals,Lifestyle,Medium
Travel hacks for Europe,College students,Travel,Low
AI productivity tools,Startup founders,Technology,High
Healthy eating tips,Busy professionals,Lifestyle,Medium
Travel hacks for Europe,College students,Travel,Low
AI productivity tools,Startup founders,Technology,High
Healthy eating tips,Busy professionals,Lifestyle,Medium
Travel hacks for Europe,College students,Travel,Low
AI productivity tools,Startup founders,Technology,High
Healthy eating tips,Busy professionals,Lifestyle,Medium
Travel hacks for Europe,College students,Travel,Low
AI productivity tools,Startup founders,Technology,High
Healthy eating tips,Busy professionals,Lifestyle,Medium
Travel hacks for Europe,College students,Travel,Low
AI productivity tools,Startup founders,Technology,High
Healthy eating tips,Busy professionals,Lifestyle,Medium
Travel hacks for Europe,College students,Travel,Low
AI productivity tools,Startup founders,Technology,High
Healthy eating tips,Busy professionals,Lifestyle,Medium
Travel hacks for Europe,College students,Travel,Low
AI productivity tools,Startup founders,Technology,High
Healthy eating tips,Busy professionals,Lifestyle,Medium
Travel hacks for Europe,College students,Travel,Low
AI productivity tools,Startup founders,Technology,High
Healthy eating tips,Busy professionals,Lifestyle,Medium
Travel hacks for Europe,College students,Travel,Low
AI productivity tools,Startup founders,Technology,High
Healthy eating tips,Busy professionals,Lifestyle,Medium
Travel hacks for Europe,College students,Travel,Low
AI productivity tools,Startup founders,Technology,High
Healthy eating tips,Busy professionals,Lifestyle,Medium
Travel hacks for Europe,College students,Travel,Low
AI productivity tools,Startup founders,Technology,High
Healthy eating tips,Busy professionals,Lifestyle,Medium
Travel hacks for Europe,College students,Travel,Low
AI productivity tools,Startup founders,Technology,High
Healthy eating tips,Busy professionals,Lifestyle,Medium
Travel hacks for Europe,College students,Travel,Low
AI productivity tools,Startup founders,Technology,High
Healthy eating tips,Busy professionals,Lifestyle,Medium
Travel hacks for Europe,College students,Travel,Low
AI productivity tools,Startup founders,Technology,High
Healthy eating tips,Busy professionals,Lifestyle,Medium
Travel hacks for Europe,College students,Travel,Low
AI productivity tools,Startup founders,Technology,High
Healthy eating tips,Busy professionals,Lifestyle,Medium
Travel hacks for Europe,College students,Travel,Low
AI productivity tools,Startup founders,Technology,High
Healthy eating tips,Busy professionals,Lifestyle,Medium
Travel hacks for Europe,College students,Travel,Low
AI productivity tools,Startup founders,Technology,High
Healthy eating tips,Busy professionals,Lifestyle,Medium
Travel hacks for Europe,College students,Travel,Low
AI productivity tools,Startup founders,Technology,High
Healthy eating tips,Busy professionals,Lifestyle,Medium
Travel hacks for Europe,College students,Travel,Low
AI productivity tools,Startup founders,Technology,High
Healthy eating tips,Busy professionals,Lifestyle,Medium
Travel hacks for Europe,College students,Travel,Low
AI productivity tools,Startup founders,Technology,High
Healthy eating tips,Busy professionals,Lifestyle,Medium
Travel hacks for Europe,College students,Travel,Low
AI productivity tools,Startup founders,Technology,High
Healthy eating tips,Busy professionals,Lifestyle,Medium
Travel hacks for Europe,College students,Travel,Low
AI productivity tools,Startup founders,Technology,High
Healthy eating tips,Busy professionals,Lifestyle,Medium
Travel hacks for Europe,College students,Travel,Low
AI productivity tools,Startup founders,Technology,High
Healthy eating tips,Busy professionals,Lifestyle,Medium
Travel hacks for Europe,College students,Travel,Low
AI productivity tools,Startup founders,Technology,High
Healthy eating tips,Busy professionals,Lifestyle,Medium
Travel hacks for Europe,College students,Travel,Low
AI productivity tools,Startup founders,Technology,High
Healthy eating tips,Busy professionals,Lifestyle,Medium
Travel hacks for Europe,College students,Travel,Low
AI productivity tools,Startup founders,Technology,High
Healthy eating tips,Busy professionals,Lifestyle,Medium
Travel hacks for Europe,College students,Travel,Low
AI productivity tools,Startup founders,Technology,High
Healthy eating tips,Busy professionals,Lifestyle,Medium
Travel hacks for Europe,College students,Travel,Low
AI productivity tools,Startup founders,Technology,High
Healthy eating tips,Busy professionals,Lifestyle,Medium
Travel hacks for Europe,College students,Travel,Low
AI productivity tools,Startup founders,Technology,High
Healthy eating tips,Busy professionals,Lifestyle,Medium
Travel hacks for Europe,College students,Travel,Low
AI productivity tools,Startup founders,Technology,High
Healthy eating tips,Busy professionals,Lifestyle,Medium
Travel hacks for Europe,College students,Travel,Low
AI productivity tools,Startup founders,Technology,High
Healthy eating tips,Busy professionals,Lifestyle,Medium
Travel hacks for Europe,College students,Travel,Low
AI productivity tools,Startup founders,Technology,High
Healthy eating tips,Busy professionals,Lifestyle,Medium
Travel hacks for Europe,College students,Travel,Low
AI productivity tools,Startup founders,Technology,High
Healthy eating tips,Busy professionals,Lifestyle,Medium
Travel hacks for Europe,College students,Travel,Low
AI productivity tools,Startup founders,Technology,High
Healthy eating tips,Busy professionals,Lifestyle,Medium
Travel hacks for Europe,College students,Travel,Low
AI productivity tools,Startup founders,Technology,High
Healthy eating tips,Busy professionals,Lifestyle,Medium
Travel hacks for Europe,College students,Travel,Low
AI productivity tools,Startup founders,Technology,High
Healthy eating tips,Busy professionals,Lifestyle,Medium
Travel hacks for Europe,College students,Travel,Low
AI productivity tools,Startup founders,Technology,High
Healthy eating tips,Busy professionals,Lifestyle,Medium
Travel hacks for Europe,College students,Travel,Low
AI productivity tools,Startup founders,Technology,High
Healthy eating tips,Busy professionals,Lifestyle,Medium
Travel hacks for Europe,College students,Travel,Low
AI productivity tools,Startup founders,Technology,High
Healthy eating tips,Busy professionals,Lifestyle,Medium
Travel hacks for Europe,College students,Travel,Low
AI productivity tools,Startup founders,Technology,High
Healthy eating tips,Busy professionals,Lifestyle,Medium
Travel hacks for Europe,College students,Travel,Low
AI productivity tools,Startup founders,Technology,High
Healthy eating tips,Busy professionals,Lifestyle,Medium
Travel hacks for Europe,College students,Travel,Low
AI productivity tools,Startup founders,Technology,High
Healthy eating tips,Busy professionals,Lifestyle,Medium
Travel hacks for Europe,College students,Travel,Low
AI productivity tools,Startup founders,Technology,High
Healthy eating tips,Busy professionals,Lifestyle,Medium
Travel hacks for Europe,College students,Travel,Low
AI productivity tools,Startup founders,Technology,High
Healthy eating tips,Busy professionals,Lifestyle,Medium
Travel hacks for Europe,College students,Travel,Low
AI productivity tools,Startup founders,Technology,High
Healthy eating tips,Busy professionals,Lifestyle,Medium
Travel hacks for Europe,College students,Travel,Low
AI productivity tools,Startup founders,Technology,High
Healthy eating tips,Busy professionals,Lifestyle,Medium
Travel hacks for Europe,College students,Travel,Low
AI productivity tools,Startup founders,Technology,High
Healthy eating tips,Busy professionals,Lifestyle,Medium
Travel hacks for Europe,College students,Travel,Low
AI productivity tools,Startup founders,Technology,High
Healthy eating tips,Busy professionals,Lifestyle,Medium
Travel hacks for Europe,College students,Travel,Low
AI productivity tools,Startup founders,Technology,High
Healthy eating tips,Busy professionals,Lifestyle,Medium
Travel hacks for Europe,College students,Travel,Low
AI productivity tools,Startup founders,Technology,High
Healthy eating tips,Busy professionals,Lifestyle,Medium
Travel hacks for Europe,College students,Travel,Low
AI productivity tools,Startup founders,Technology,High
Healthy eating tips,Busy professionals,Lifestyle,Medium
Travel hacks for Europe,College students,Travel,Low
AI productivity tools,Startup founders,Technology,High
Healthy eating tips,Busy professionals,Lifestyle,Medium
Travel hacks for Europe,College students,Travel,Low
AI productivity tools,Startup founders,Technology,High
Healthy eating tips,Busy professionals,Lifestyle,Medium
Travel hacks for Europe,College students,Travel,Low
AI productivity tools,Startup founders,Technology,High
Healthy eating tips,Busy professionals,Lifestyle,Medium
Travel hacks for Europe,College students,Travel,Low
AI productivity tools,Startup founders,Technology,High
Healthy eating tips,Busy professionals,Lifestyle,Medium
Travel hacks for Europe,College students,Travel,Low
AI productivity tools,Startup founders,Technology,High
Healthy eating tips,Busy professionals,Lifestyle,Medium
Travel hacks for Europe,College students,Travel,Low
AI productivity tools,Startup founders,Technology,High
Healthy eating tips,Busy professionals,Lifestyle,Medium
Travel hacks for Europe,College students,Travel,Low
AI productivity tools,Startup founders,Technology,High
Healthy eating tips,Busy professionals,Lifestyle,Medium
Travel hacks for Europe,College students,Travel,Low
AI productivity tools,Startup founders,Technology,High
Healthy eating tips,Busy professionals,Lifestyle,Medium
Travel hacks for Europe,College students,Travel,Low
AI productivity tools,Startup founders,Technology,High
Healthy eating tips,Busy professionals,Lifestyle,Medium
Travel hacks for Europe,College students,Travel,Low
AI productivity tools,Startup founders,Technology,High
Healthy eating tips,Busy professionals,Lifestyle,Medium
Travel hacks for Europe,College students,Travel,Low
AI productivity tools,Startup founders,Technology,High
Healthy eating tips,Busy professionals,Lifestyle,Medium
Travel hacks for Europe,College students,Travel,Low
AI productivity tools,Startup founders,Technology,High
Healthy eating tips,Busy professionals,Lifestyle,Medium
Travel hacks for Europe,College students,Travel,Low
AI productivity tools,Startup founders,Technology,High
Healthy eating tips,Busy professionals,Lifestyle,Medium
Travel hacks for Europe,College students,Travel,Low
AI productivity tools,Startup founders,Technology,High
Healthy eating tips,Busy professionals,Lifestyle,Medium
Travel hacks for Europe,College students,Travel,Low
AI productivity tools,Startup founders,Technology,High
Healthy eating tips,Busy professionals,Lifestyle,Medium
Travel hacks for Europe,College students,Travel,Low
AI productivity tools,Startup founders,Technology,High
Healthy eating tips,Busy professionals,Lifestyle,Medium
Travel hacks for Europe,College students,Travel,Low
AI productivity tools,Startup founders,Technology,High
Healthy eating tips,Busy professionals,Lifestyle,Medium
Travel hacks for Europe,College students,Travel,Low
AI productivity tools,Startup founders,Technology,High
Healthy eating tips,Busy professionals,Lifestyle,Medium
Travel hacks for Europe,College students,Travel,Low
AI productivity tools,Startup founders,Technology,High
Healthy eating tips,Busy professionals,Lifestyle,Medium
Travel hacks for Europe,College students,Travel,Low
AI productivity tools,Startup founders,Technology,High
Healthy eating tips,Busy professionals,Lifestyle,Medium
Travel hacks for Europe,College students,Travel,Low
AI productivity tools,Startup founders,Technology,High
Healthy eating tips,Busy professionals,Lifestyle,Medium
Travel hacks for Europe,College students,Travel,Low
AI productivity tools,Startup founders,Technology,High
Healthy eating tips,Busy professionals,Lifestyle,Medium
Travel hacks for Europe,College students,Travel,Low
AI productivity tools,Startup founders,Technology,High
Healthy eating tips,Busy professionals,Lifestyle,Medium
Travel hacks for Europe,College students,Travel,Low
AI productivity tools,Startup founders,Technology,High
Healthy eating tips,Busy professionals,Lifestyle,Medium
Travel hacks for Europe,College students,Travel,Low
AI productivity tools,Startup founders,Technology,High
Healthy eating tips,Busy professionals,Lifestyle,Medium
Travel hacks for Europe,College students,Travel,Low
AI productivity tools,Startup founders,Technology,High
Healthy eating tips,Busy professionals,Lifestyle,Medium
Travel hacks for Europe,College students,Travel,Low
AI productivity tools,Startup founders,Technology,High
Healthy eating tips,Busy professionals,Lifestyle,Medium
Travel hacks for Europe,College students,Travel,Low
AI productivity tools,Startup founders,Technology,High
Healthy eating tips,Busy professionals,Lifestyle,Medium
Travel hacks for Europe,College students,Travel,Low
